task,n_base,box_precision_base,box_precision_ft,box_recall_base,box_recall_ft,correct_base,correct_ft,empty_ok_base,empty_ok_ft,field_acc_base,field_acc_ft,think_base,think_ft,value_recall_base,value_recall_ft,word_recall_base,word_recall_ft
abbr_qa,6,,,,,,,,,,,,,,,1.0,1.0
band_absent,6,,,,,,,,,,,,,0.333,1.0,0.333,1.0
band_bridge,6,,,,,,,,,,,,,0.133,0.867,0.426,0.951
band_json,6,,,,,,,,,0.021,0.958,,,0.312,0.958,,
band_qa,6,,,,,,,,,,,,,0.667,1.0,0.921,1.0
band_range,6,,,,,,,,,,,,,0.333,1.0,0.259,1.0
bridge_explain,6,,,,,,,,,,,,,0.563,0.976,0.325,0.975
bridge_ground,6,0.0,1.0,0.0,1.0,,,,,,,,,,,,
bridge_json,6,,,,,,,,,0.024,1.0,,,0.51,1.0,,
bridge_level_check,6,,,,,0.667,1.0,,,,,,,,,,
bridge_level_qa,6,,,,,,,,,,,,,0.917,1.0,0.979,1.0
curve_json,6,,,,,,,,,0.0,1.0,,,0.79,1.0,,
curve_qa,6,,,,,,,,,,,,,1.0,1.0,1.0,1.0
notes_qa,6,,,,,,,,,,,,,0.667,1.0,0.772,1.0
reason_band_absent,6,,,,,,,,,,,0.0,1.0,0.333,1.0,0.2,1.0
reason_band_check,6,,,,,,,,,,,0.0,1.0,0.5,0.833,0.44,0.976
reason_band_cutfill,6,,,,,,,,,,,0.0,1.0,0.333,1.0,0.354,1.0
reason_band_extreme,6,,,,,,,,,,,0.0,1.0,0.167,1.0,0.799,1.0
reason_bridge_bands,6,,,,,,,,,,,0.0,1.0,0.259,0.907,0.394,0.939
reason_curve_position,6,,,,,,,,,,,0.0,1.0,0.611,0.556,0.397,0.446
reason_curve_verify,6,,,,,,,,,,,0.0,1.0,0.708,0.75,0.643,0.929
reason_gradient,6,,,,,,,,,,,0.0,1.0,0.312,1.0,0.494,1.0
reason_level_check,6,,,,,,,,,,,0.0,1.0,0.542,1.0,0.576,1.0
reason_ruling_gradient,6,,,,,,,,,,,0.0,1.0,0.167,1.0,0.521,1.0
sheet_layout,3,,0.643,0.0,0.273,,,,,,,,,,,,
tbm_json,3,,,,,,,,,0.0,0.97,,,0.948,0.988,,
tbm_qa,3,,,,,,,,,,,,,0.667,1.0,0.6,1.0
tile_region,6,,,,,,,,,,,,,,,0.333,1.0
tile_structures,6,0.0,1.0,0.0,1.0,,,0.0,1.0,,,,,,,,
title_json,3,,,,,,,,,0.119,0.833,,,0.513,0.872,,
title_qa,3,,,,,,,,,,,,,1.0,1.0,1.0,1.0
